Name, AccountNumber, BillingCountry, ExternalID
Account 10,10, USA,10
Account 11,11, USA,11
Account 12,12, USA,12
Account 13,13, USA,13
Account 14,14, USA,14
Account 15,15, USA,15
Account 16,16, USA,16
Account 17,17, USA,17
Account 18,18, USA,18
Account 19,19, USA,19
Account 20,20, USA,20
Account 21,21, USA,21
Account 22,22, USA,22
Account 23,23, USA,23
Account 24,24, USA,24
Account 25,25, USA,25
Account 26,26, USA,26
Account 27,27, USA,27
Account 28,28, USA,28
Account 29,29, USA,29
Account 30,30, USA,30
Account 31,31, USA,31
Account 32,32, USA,32
Account 33,33, USA,33
Account 34,34, USA,34
Account 35,35, USA,35
Account 36,36, USA,36
Account 37,37, USA,37
Account 38,38, USA,38
Account 39,39, USA,39
Account 40,40, USA,40
Account 41,41, USA,41
Account 42,42, USA,42
Account 43,43, USA,43
Account 44,44, USA,44
Account 45,45, USA,45
Account 46,46, USA,46
Account 47,47, USA,47
Account 48,48, USA,48
Account 49,49, USA,49
Account 50,50, USA,50
Account 51,51, USA,51
Account 52,52, USA,52
Account 53,53, USA,53
Account 54,54, USA,54
Account 55,55, USA,55
Account 56,56, USA,56
Account 57,57, USA,57
Account 58,58, USA,58